timestamp_utc,shortcode,permalink,media_type,is_video,caption,accessibility_caption,likes,comments,location,carousel_items,raw_metadata_file
2024-03-25T08:05:04+00:00,C47gxOst2vX,https://www.instagram.com/p/C47gxOst2vX/,GraphSidecar,False,"On 7th March, the East stars school was visited to distribute stationary items to the under privileged students and to spread awareness about the importance of education.",,37,3,,4,2024-03-25_08-05-04_UTC.json.xz
2025-08-14T13:02:45+00:00,DNVh3CesWJB,https://www.instagram.com/p/DNVh3CesWJB/,GraphSidecar,False,"On the 13th of August, Team Kaflah celebrated Pakistan’s Independence Day by giving back to the earth 🌱. Our plantation drive at Lahore Public School brought together passionate volunteers for a greener Pakistan. Every tree we plant today is an investment in a better tomorrow. 
Azaadi Mubarak🇵🇰💚
#towardshumanity #greenpakistan",,54,16,,9,2025-08-14_13-02-45_UTC.json.xz
2025-08-14T13:07:46+00:00,DNViPFqM55t,https://www.instagram.com/p/DNViPFqM55t/,GraphVideo,True,🌱,,69,22,,0,2025-08-14_13-07-46_UTC.json.xz
2025-10-26T12:09:08+00:00,DQRZwOiEpbc,https://www.instagram.com/p/DQRZwOiEpbc/,GraphSidecar,False,"A Dental Camp was successfully held at Kafalat Ghar Orphanage on Saturday, 18th October. With the help of amazing volunteers and dentists, the children received free dental check-ups, learned about oral hygiene, and went home with dental kits and brighter smiles",,38,2,,7,2025-10-26_12-09-08_UTC.json.xz
2025-10-31T11:14:25+00:00,DQeLWaBDKRj,https://www.instagram.com/p/DQeLWaBDKRj/,GraphVideo,True,,,43,18,,0,2025-10-31_11-14-25_UTC.json.xz
2025-11-10T15:53:18+00:00,DQ4bVS4DDfi,https://www.instagram.com/p/DQ4bVS4DDfi/,GraphImage,False,,,-1,0,,0,2025-11-10_15-53-18_UTC.json.xz
2025-11-10T15:55:51+00:00,DQ4bn9rjKNK,https://www.instagram.com/p/DQ4bn9rjKNK/,GraphImage,False,,,-1,0,,0,2025-11-10_15-55-51_UTC.json.xz
2025-11-10T15:57:24+00:00,DQ4bzQ0DLhw,https://www.instagram.com/p/DQ4bzQ0DLhw/,GraphImage,False,,,-1,0,,0,2025-11-10_15-57-24_UTC.json.xz
2025-11-18T20:00:24+00:00,DRNd5d0DHwL,https://www.instagram.com/p/DRNd5d0DHwL/,GraphVideo,True,"On November 18, a plantation drive was held at GCU by the Women Development Center in collaboration with Kaflah and Alkhidmat, all coming together for a cleaner, greener Pakistan.",,48,27,,0,2025-11-18_20-00-24_UTC.json.xz
2025-11-20T11:57:52+00:00,DRRwVmXDKKS,https://www.instagram.com/p/DRRwVmXDKKS/,GraphSidecar,False,,,32,5,,6,2025-11-20_11-57-52_UTC.json.xz
2025-11-22T13:04:35+00:00,DRXBj_4DEjw,https://www.instagram.com/p/DRXBj_4DEjw/,GraphImage,False,"Volunteer Applications are now open! 

Apply through the link in our bio.

Deadline to apply: 11:59pm - 17th December 2025",,-1,0,,0,2025-11-22_13-04-35_UTC.json.xz
2025-12-24T18:42:01+00:00,DSqBncIDAgV,https://www.instagram.com/p/DSqBncIDAgV/,GraphImage,False,"Through this stationary drive, team Kaflah aims to support young learners by providing essential school supplies and spreading smiles.
Donate now and be a part of this cause.
For any queries, contact: 
Saad Habib
0321 6691149 
Rahima Habib
0306 1174847",,-1,0,,0,2025-12-24_18-42-01_UTC.json.xz
2026-01-12T10:19:29+00:00,DTaDNewDMSy,https://www.instagram.com/p/DTaDNewDMSy/,GraphSidecar,False,"On Jan 8, Team Kaflah held a stationery drive at Kafalat Ghr Orphanage. Essential everyday stationery, colors, and coloring books were shared with love. The children showcased their beautiful artistic skills and creativity. Every smile, sketch, and color told a story of hope and imagination. Moments like these remind us how powerful small acts of kindness can be",,50,19,,5,2026-01-12_10-19-29_UTC.json.xz
2026-01-12T17:02:04+00:00,DTaxPOojFSg,https://www.instagram.com/p/DTaxPOojFSg/,GraphVideo,True,,,44,5,,0,2026-01-12_17-02-04_UTC.json.xz
2026-01-31T11:56:11+00:00,DULJRR-CLrj,https://www.instagram.com/p/DULJRR-CLrj/,GraphVideo,True,"On Wednesday, 28th January 2026, Project Zavia, in collaboration with Kaflah, conducted a book reading and drawing activity at the Alif Laila Library. The session aimed to encourage creativity and foster a love for reading among children. Alongside the activities, books were donated to the library, and at the end of the workshop, packaged books were distributed to the children.",,72,21,,0,2026-01-31_11-56-11_UTC.json.xz
2026-02-01T17:23:31+00:00,DUOToorDBum,https://www.instagram.com/p/DUOToorDBum/,GraphSidecar,False,"On Wednesday, 28th January 2026, Team Kaflah, in collaboration with Project Zavia, organized a book reading and drawing activity at the Alif Laila Library. The session was designed to nurture creativity and instill a love for reading among children. In addition to the interactive activities, books were donated to the library, and packaged books were distributed to the children at the conclusion of the workshop, ensuring they could continue their reading journey beyond the session.",,89,10,,6,2026-02-01_17-23-31_UTC.json.xz
2026-02-18T14:29:40+00:00,DU5xIptDDAo,https://www.instagram.com/p/DU5xIptDDAo/,GraphImage,False,Ramadan Mubarak from team Kaflah.,,-1,0,,0,2026-02-18_14-29-40_UTC.json.xz
2026-02-28T21:43:08+00:00,DVUSoksDHdq,https://www.instagram.com/p/DVUSoksDHdq/,GraphImage,False,"This Ramadan, be the reason someone breaks their fast with ease. 
Join us as we serve 2000+ people at our Iftar Dastarkhuwan.
Sign up via the link in our bio.
For any queries contact: 
Rahima Habib
0306 1174847",,-1,1,,0,2026-02-28_21-43-08_UTC.json.xz
2026-03-04T16:48:57+00:00,DVeELm-DCw2,https://www.instagram.com/p/DVeELm-DCw2/,GraphVideo,True,"Alhamdulillah, by the grace of Allah, in collaboration with Allah Walley Trust and ABU, we successfully carried out Day 1 of our Iftar Dastarkhuwan on 3rd March 2026.

2000+ people served. Countless plates distributed and a community brought together. What may seem like a meal is comfort to someone. What may seem small is relief to many.
 
May Allah accept it from all of us. 🤍",,53,2,,0,2026-03-04_16-48-57_UTC.json.xz
2026-03-05T18:06:11+00:00,DVgxyuaDG8c,https://www.instagram.com/p/DVgxyuaDG8c/,GraphVideo,True,"Small acts of kindness create the biggest change. 🤍

#foryou #ramadan #ramadankareem #iftardrive",,161,26,,0,2026-03-05_18-06-11_UTC.json.xz
2026-06-20T17:04:43+00:00,DZ0LJy5sBuq,https://www.instagram.com/p/DZ0LJy5sBuq/,GraphImage,False,"Kaflah organisation, in collaboration with the Allah Walay Trust, is thrilled to announce its first Summer Internship at Government Girls Primary School Gulberg taking place from June 29th to July 2nd, 2026!
This program focuses on setting up a fun and engaging learning environment for the students. Interns will step away from standard textbook teaching to run creative sessions in public speaking, math, science, arts and more. It is all about boosting the kids’ confidence, keeping them curious, and teaching them real world skills through direct mentorship.

Apply through the link in our bio! 

Application Deadline: June 26th, 2026, at 11:59 PM.

For any further queries, please contact: 
Saad: 0321 6691149
Rahima: 0306 1174847",,65,2,,0,2026-06-20_17-04-43_UTC.json.xz
2026-06-29T11:24:54+00:00,DaKwAJPwdEJ,https://www.instagram.com/p/DaKwAJPwdEJ/,GraphVideo,True,"A successful start to Kaflah’s Summer Internship! Day 1 was filled with inspiring energy, hands-on learning, and wonderful connections between our interns and students. We are deeply grateful for the dedication shown by our team today and look forward to the progress and impact the coming days will bring.",,64,10,,0,2026-06-29_11-24-54_UTC.json.xz
2026-07-01T09:18:18+00:00,DaPqP3HIBVP,https://www.instagram.com/p/DaPqP3HIBVP/,GraphVideo,True,"Sparking creativity and making every moment count.

#community #internship #foryou #ngo #explore",,67,20,,0,2026-07-01_09-18-18_UTC.json.xz
2026-07-02T13:54:29+00:00,DaSvFUKsJKr,https://www.instagram.com/p/DaSvFUKsJKr/,GraphVideo,True,"The energy in the classrooms on Day 3 was unmatched. Academic subjects came to life through creative, interactive games that had the students completely hooked, proving that learning doesn’t always have to happen at a desk. Beyond the academics, the day took a powerful turn with a self-defense workshop, focused entirely on building the kids’ confidence and personal strength. Seeing the growth in both the students and the amazing team makes every single bit of effort worth it. 

#foryou #community #explore #ngo #ig",,53,7,,0,2026-07-02_13-54-29_UTC.json.xz
2026-07-03T15:47:01+00:00,DaVg9ZBsARX,https://www.instagram.com/p/DaVg9ZBsARX/,GraphVideo,True,"What started as a simple vision wrapped up in the most energetic way possible with Sports Day. The field was pure chaos in the best way with nonstop racing, cheering, and the loudest smiles from the kids. Our interns were the absolute backbone, turning into coaches and cheerleaders to keep everything running flawlessly.

Between the races, an art gallery put the kids' amazing creativity on display and the best artwork took home the cutest crochet keychain. A huge thank you to @woollywhims.pk for providing those gorgeous handcrafted keychains

#sportsday #foryou #explorepage #community #ngo",,60,13,,0,2026-07-03_15-47-01_UTC.json.xz
2026-07-04T18:18:13+00:00,DaYXSzDsxTI,https://www.instagram.com/p/DaYXSzDsxTI/,GraphVideo,True,"A fun QnA with the students. 

#internship #ngo #foryou #explore #community",,61,25,,0,2026-07-04_18-18-13_UTC.json.xz
2026-07-09T14:18:16+00:00,DakzaN-MyKb,https://www.instagram.com/p/DakzaN-MyKb/,GraphVideo,True,"From June 29th to July 2nd, team Kaflah successfully held its first summer internship. The entire program was structured to merge academic development with practical and engaging experiences for the students.

The academic segment delivered interactive sessions in essential subjects, including Mathematics, English, Science, and Public Speaking. To ensure a balanced approach to student development, each day also featured specialized extracurricular modules. These activities ranged from creative arts and crafts to physical training sessions in aerobics and essential self defense. 

The internship concluded with an absolute celebration. A competitive Sports Day was hosted alongside a beautiful Art Gallery showcasing the students’ own brilliant creations over the week. To top it all off, the children received special goody bags to commemorate their hard work.

We are incredibly proud of every volunteer who contributed to making this journey a true reflection of learning, growth, and collective effort.",,81,32,,0,2026-07-09_14-18-16_UTC.json.xz
2026-07-27T10:41:03+00:00,DbSwZC7I10L,https://www.instagram.com/p/DbSwZC7I10L/,GraphImage,False,"We’re thrilled to announce that Project Zavia and Kaflah are hosting a fundraiser! 💙💚
Join us on Thursday, 30th July, from 4:30 PM to 7:30 PM at Pink Pistachio, Gulberg for an exciting evening filled with fun, activities, and a great cause! 
Come join us and be a part of something meaningful! 
Sign up by filling out the form in our bio! 

We can’t wait to see you there! 🫶🏻. 
In case of any queries, contact : 
Rahima habib 92 306 1174847. 
Fatima Fahd 03314030601",,41,6,,0,2026-07-27_10-41-03_UTC.json.xz
2026-08-01T11:00:50+00:00,DbfrFigosvk,https://www.instagram.com/p/DbfrFigosvk/,GraphVideo,True,"Project Zavia held a fundraiser in collaboration with Kaflah on Thursday, 30 th July . Thankyou everyone who joined us 💌!!",,140,23,,0,2026-08-01_11-00-50_UTC.json.xz
2026-08-02T12:45:58+00:00,DbicjDXjMQ_,https://www.instagram.com/p/DbicjDXjMQ_/,GraphSidecar,False,"On July 30th, 2026 Kaflah Organisation held it’s first fundraiser in collaboration with Project Zavia at Pink Pistachio Cafe with the aim to raise funds for critical social causes. See you all next time!",,58,6,,5,2026-08-02_12-45-58_UTC.json.xz
